,场景名称：请具体到一个工位、动作或功能,行业,应用/装备名称,行业：请填写该场景对应的行业名称,行业：请填写该场景对应的行业名称-其他-补充内容 2,场景与方案概述：请简述该场景下的目的和动作,部件组合：为完成该场景目标动作所需的所有部件,部件组合,场景及方案要点：请列出您印象中，在该场景中有哪些特殊的knowhow或设计要点需要注意,案例：如果我们公司做过该场景的方案，请提供项目名称或编号；如果我司没有做过，但你知道类似的案例，也可附上链接或相关信息,行业：请填写该场景对应的行业名称 Copy,部件组合：为完成该场景目标动作所需的所有部件 Copy,场景及方案要点：请列出您印象中，在该场景中有哪些特殊的knowhow或设计要点需要注意 Copy,案例：如果我们公司做过该场景的方案，请提供项目名称或编号；如果我司没有做过，但你知道类似的案例，也可附上链接或相关信息 Copy
0,3D打印机,,3D打印机,"消费类, 制造业",,xyz轴同步配合,"工控机或单片机
   3轴定制直线电机",,"1、较高重复定位精度
   2、较低跟随误差
   3、3-8G的加速度
   4、轻量化设计小体积", ,"消费类, 制造业","工控机或单片机
   3轴定制直线电机","1、较高重复定位精度
   2、较低跟随误差
   3、3-8G的加速度
   4、轻量化设计小体积", 
1,6轴机械臂码垛机器人,,协作机器人,物流,,目的是控制机械臂末端实现6自由度的复杂运动轨迹，由工控机+6个关节实现,"工控机
   每个关节：1台无框电机+减速机+内环编码器+外环编码器+可选抱闸+直流伺服环形驱动器
   ",,"1. 末端抖动抑制
   2. 高集成度
   3. 散热通路",蓝思,物流,"工控机
   每个关节：1台无框电机+减速机+内环编码器+外环编码器+可选抱闸+直流伺服环形驱动器
   ","1. 末端抖动抑制
   2. 高集成度
   3. 散热通路",蓝思
2,XYZ轴精准雕刻控制,制造业,CNC小型雕刻机,制造业,,CNC小型雕刻机用于通过雕刻实现精密加工。直流伺服用于XYZ轴的运动控制，实现精准定位与平滑运动，确保雕刻的精度和表面质量。,,,对XYZ轴的高精度、高响应及稳定性要求较高。,,制造业,"3个直流伺服驱动, 3个直线电机, 控制器, 直线编码器",对XYZ轴的高精度、高响应及稳定性要求较高。,某机械公司用于生产高精度钢模具
3,芯片封装焊接控制,半导体设备,IC封装设备,半导体设备,,IC封装设备用于将制作好的芯片封装到封装基板上，需要实现精密的焊接控制。直流伺服驱动用于提供精确的运动控制，确保焊接头的位置和速度均达到要求，从而保证焊接质量。,,,需要高精度的位移控制与稳定的速度控制。,,半导体设备,"直流伺服驱动, 直线滑台, 控制器",需要高精度的位移控制与稳定的速度控制。,某半导体厂商封装生产线
4,水平和垂直运动控制,3C设备,RGV,物流,,RGV（可编程导引车辆）主要用于自动化仓储和物流系统中，实现物料和货物在仓库中的搬运。直流伺服驱动用于控制RGV的水平和垂直方向运动，实现精准的路径跟踪和位置控制。,,,对速度、载荷及路径跟踪精度有要求，同时需考虑能源效率与可靠性。,,物流,"直流伺服驱动, 轮子, 控制器, 编码器",对速度、载荷及路径跟踪精度有要求，同时需考虑能源效率与可靠性。,某电商巨头物流中心的自动化仓储系统
5,ZR,,贴片机场景,半导体设备,,Z+R轴控制，大部分需要力控（软着陆）功能，要求高,"PLC或工控机
   Z轴1低压直流直线电机（音圈）+直线编码器+R轴1直流旋转电机+旋转编码器+2直流驱动器+部分需要力传感器做闭环",,"1、电机震动
   2、力控功能
   3、要求极低过冲或者无过冲
   4、高节拍
   5、覆盖多种压力控制范围
   6、弹簧补偿
   7、力控误差要求高", ,半导体设备,"PLC或工控机
   Z轴1低压直流直线电机（音圈）+直线编码器+R轴1直流旋转电机+旋转编码器+2直流驱动器+部分需要力传感器做闭环","1、电机震动
   2、力控功能
   3、要求极低过冲或者无过冲
   4、高节拍
   5、覆盖多种压力控制范围
   6、弹簧补偿
   7、力控误差要求高", 
6,按摩机器人,,协作机器人,消费类,,6轴机械臂，末端有按摩头,请咨询FAE部门,,"1. 振动抑制
2. 多轴同步响应",昊志,消费类,请咨询FAE部门,"1. 振动抑制
2. 多轴同步响应",昊志
7,机械手和平台运动控制,3C设备,笔记本电脑组装生产线,3C设备,,生产线中的机械手和运动平台需要精准地定位和操作，完成对各种笔记本电脑部件的组装。直流伺服驱动用于控制机械手臂的各轴和平台的移动，确保操作精度和效率。,,,需要对多轴协调运动的高精度、高响应及稳定性控制。,,3C设备,"直流伺服驱动, 机械手臂, 控制器, 编码器",需要对多轴协调运动的高精度、高响应及稳定性控制。,某电子厂用于笔记本电脑生产线
8,XY轴切割控制,制造业,玻璃切割设备,制造业,,玻璃切割设备用于切割玻璃板，各种形状的精密切割。直流伺服用于XY轴运动控制，保证切割头的精确路径和速度，确保切割的质量和精度。,,,对XY轴的高精度控制及稳定性要求较高，并需考虑切割速度与效率。,,制造业,"2个直流伺服驱动, 直线电机, 控制器, 直线编码器",对XY轴的高精度控制及稳定性要求较高，并需考虑切割速度与效率。,某玻璃厂用于智能家居玻璃面板生产
9,高度调整与保持,建筑设备,擦玻璃升降机,其他,,擦玻璃升降机用于高层建筑外墙清洗。直流伺服用于高度调整与保持控制，确保升降机在不同高度稳定工作，同时实现升降的平滑控制。,,,需考虑高度调整的精度、平滑及安全性，特别是应对风力和负荷变化的能力。,,,"直流伺服驱动, 升降机构, 控制器",需考虑高度调整的精度、平滑及安全性，特别是应对风力和负荷变化的能力。,某建筑清洁公司用于外墙清洁设备
10,插针检测,,PCB插针检测设备,3C设备,,pcb生产线，过完波峰焊，进入检测机，控制检测头下压,"旋转伺服电机+丝杆+旋转编码器+驱动器
或：直线电机+直线编码器+驱动器",,"1. 节拍非常快 40-50ms
2. 开环力控，力控精度要求高，不能超过0.15N
3. 不能过冲",翱翔,3C设备,"旋转伺服电机+丝杆+旋转编码器+驱动器
或：直线电机+直线编码器+驱动器","1. 节拍非常快 40-50ms
2. 开环力控，力控精度要求高，不能超过0.15N
3. 不能过冲",翱翔
11,方位和角度调整,汽车电子,车载雷达,其他,,车载雷达需要通过调整方位和角度来扫描环境，实现目标检测和避障。直流伺服可用于精确控制雷达的旋转和倾斜，以确保数据采集的准确性和实时性。,,,对旋转角度和位置控制的精度要求高，同时小体积、轻质及抗震特性重要。,,,"直流伺服驱动, 方位角度调整机构, 控制器",对旋转角度和位置控制的精度要求高，同时小体积、轻质及抗震特性重要。,某电动车厂用于自动驾驶系统中的目标检测雷达
12,搭载到车上，跟踪定位、执行旋转 和俯仰的动作,,卫星转台,其他,军工设备,为了精确的跟踪定位，主要由两个动作组成，旋转和俯仰,"主控制板，客户自己研发的
旋转轴 驱动器+减速机+编码器+电机
俯仰轴 驱动器+减速机+编码器+电机",,"1、客户本身要求是要用脉冲进行速度控制
2、客户的设备会再不同的温度下进行，低温下会造成运动阻力大，摩擦大的情况，增益可能要重新配置。
3、客户控制源为脉冲，会有丢脉冲的可能性，客户主站自己做了位置闭环的PID",无项目名称、、但是可以提供支持记录https://motiong.feishu.cn/wiki/SGmmwuE2sifQAEkgFkdcc7dYnOg,其他,"主控制板，客户自己研发的
旋转轴 驱动器+减速机+编码器+电机
俯仰轴 驱动器+减速机+编码器+电机","1、客户本身要求是要用脉冲进行速度控制
2、客户的设备会再不同的温度下进行，低温下会造成运动阻力大，摩擦大的情况，增益可能要重新配置。
3、客户控制源为脉冲，会有丢脉冲的可能性，客户主站自己做了位置闭环的PID",无项目名称、、但是可以提供支持记录https://motiong.feishu.cn/wiki/SGmmwuE2sifQAEkgFkdcc7dYnOg
13,角度和位置调整,制造业,刀具磨削机,制造业,,刀具磨削机用于修复和加工刀具，需要精确控制磨头的位置和角度。直流伺服驱动用于控制XYZ轴和旋转轴，实现精密磨削，确保刀具的加工质量。,,,需对多轴的协调控制有较高要求，要求高精度、高响应和稳定性，特别是磨削力的反馈控制。,,制造业,"直流伺服驱动, 直线电机, 控制器, 编码器",需对多轴的协调控制有较高要求，要求高精度、高响应和稳定性，特别是磨削力的反馈控制。,某工具制造厂用于高精度刀具磨削机设备
14,抓取和释放控制,3C设备,电动夹爪,物流,,电动夹爪用于抓取和放置物件。直流伺服驱动用于控制夹爪的打开和闭合，实现平稳抓取和放置，并能调节抱紧和释放物体的力度，精度要求较高。,,,对夹爪开闭控制精度及力度调整要求高，同时反应速度快。,,物流,"直流伺服驱动, 夹爪机构, 控制器",对夹爪开闭控制精度及力度调整要求高，同时反应速度快。,某机器人厂用于电子元件组装流水线
15,扭矩和转速控制,电动工具,电批,电动工具,,电批（电动螺丝刀）用于自动锁紧各种螺丝。直流伺服驱动用于控制电批的扭矩和转速，确保不同螺丝的装配精度和装配速度。,,,对扭矩控制和速度调整的精度要求高，同时需兼顾体积小、易操作特点。,,电动工具,"直流伺服驱动, 电批机构, 控制器",对扭矩控制和速度调整的精度要求高，同时需兼顾体积小、易操作特点。,某家电厂用于装配生产线的自动锁螺丝工位
16,极片叠放控制,锂电设备,叠片机,锂电设备,,叠片机用于将电池极片精确叠放在一起。直流伺服驱动用于控制叠放头的XYZ轴运动，确保每一片极片的位置准确，叠放整齐，避免折叠或位置偏移。,,,要求高精度的叠放控制和快速响应，需确保高度一致性，防止极片损坏。,,锂电设备,"3个直流伺服驱动, 直线电机, 控制器, 直线编码器",要求高精度的叠放控制和快速响应，需确保高度一致性，防止极片损坏。,某电池公司用于新能源汽车电池生产线
17,多色油墨印刷机油墨推力,,印刷机,印刷,,打印机的油墨需要有一个恒定的推压力，使得打印机,未知（项目处于客户自行测试阶段，未见到设备）,, ,东方精工,印刷,未知（项目处于客户自行测试阶段，未见到设备）, ,东方精工
18,分拣和分运控制,半导体设备,分拣机,半导体设备,,分拣机用于快速分拣和分运不同规格的货物。直流伺服驱动用于控制分拣臂和输送带的运动，实现高速、准确的分拣和输送。,,,对运动控制的速度和准确性要求高，同时需兼顾分拣的稳定性和重复性。,,半导体设备,"直流伺服驱动, 分拣臂, 输送带, 控制器",对运动控制的速度和准确性要求高，同时需兼顾分拣的稳定性和重复性。,某物流中心的智能分拣系统
19,分选机,,分选机,半导体设备,,高节拍Z向运动，需力控,"PLC
   10-20轴直流旋转电机+编码器",,"1、力控
   2、高节拍
   3、高重复定位精度
   4、较小过冲或者无过冲；",,半导体设备,"PLC
   10-20轴直流旋转电机+编码器","1、力控
   2、高节拍
   3、高重复定位精度
   4、较小过冲或者无过冲；",
20,叶片调整和控制,能源,风力发电机组控制系统,其他,,风力发电机组用于捕捉风能并转换为电能。直流伺服用于控制叶片的调整角度，以最大化能量捕捉和优化功率输出。,,,需高精度的角度控制和响应速度，以及较大扭矩和耐久性，适应各种气候条件。,,,"直流伺服驱动, 叶片控制机构, 控制器",需高精度的角度控制和响应速度，以及较大扭矩和耐久性，适应各种气候条件。,某风电场用于风力发电机组叶片控制系统
21,改设备用于汽车制造，是一种拧紧螺丝的设备，动作仅仅是旋转,,电动螺丝刀,锂电设备,,通过速度和力矩控制的结合，完成螺丝的拧紧,"主站：自研开发板，走CAN总线
从站1：驱动器+编码器+电机+减速机
从站2：把手板",,"1、客户使用的电机性能比较极限，要求电机有很大的峰值电流
2、电机的保护放开很多，和没有保护差不多了
3、期间发生过没有接制动电阻，导致电源电压减速过程中出现尖峰，导致驱动器编码器烧毁的情况
4、期间发生过，编码器的屏蔽线接到GND的情况，导致编码器烧毁的问题。",无项目编号，但是可以提供支持记录https://motiong.feishu.cn/wiki/JSrwwMVqyiNj2zk9dM2ckT9lnwg,锂电设备,"主站：自研开发板，走CAN总线
从站1：驱动器+编码器+电机+减速机
从站2：把手板","1、客户使用的电机性能比较极限，要求电机有很大的峰值电流
2、电机的保护放开很多，和没有保护差不多了
3、期间发生过没有接制动电阻，导致电源电压减速过程中出现尖峰，导致驱动器编码器烧毁的情况
4、期间发生过，编码器的屏蔽线接到GND的情况，导致编码器烧毁的问题。",无项目编号，但是可以提供支持记录https://motiong.feishu.cn/wiki/JSrwwMVqyiNj2zk9dM2ckT9lnwg
22,取放运动控制,半导体设备,高速取放机,半导体设备,,高速取放机用于从传送带上快速拾取并放置元件。直流伺服用于控制XY轴和Z轴，实现高速、精确的拾取和放置动作，保证生产效率和产品品质。,,,需对高速拾取和放置的精度和速度要求高，并需较高的同步性和稳定性。,,半导体设备,"3个直流伺服驱动, 直线电机, 控制器, 编码器",需对高速拾取和放置的精度和速度要求高，并需较高的同步性和稳定性。,某半导体公司用于芯片生产的高速取放设备
23,多轴协调控制,交通运输,高铁检测设备,交通运输,,高铁检测设备用于检测铁轨和列车的状态。直流伺服驱动用于控制检测传感器的多轴协调运动，确保每个检测点的精度和效率，提供实时数据反馈。,,,需高精度、多轴协调的控制能力和实时性，适应高速运动和环境变化。,,交通运输,"直流伺服驱动, 多轴协调机构, 控制器",需高精度、多轴协调的控制能力和实时性，适应高速运动和环境变化。,某铁路公司用于高铁检测系统
24,压力与注射控制,医药器械,高压注射器设备,医药器械,,高压注射器设备用于向患者或样品中注射精确剂量的液体。直流伺服驱动用于控制注射器的推动和回拉，实现精确的注射剂量和注射速度。,,,对注射控制的精度、稳定性和安全性要求高，并需考虑过载保护和故障检测。,,医药器械,"直流伺服驱动, 注射机构, 控制器",对注射控制的精度、稳定性和安全性要求高，并需考虑过载保护和故障检测。,某医院用于精确药物注射设备
25,割草路径控制,协作机器人,割草机器人,电动工具,,割草机器人自动完成割草作业。直流伺服驱动用于控制机器人的前进、转向以及割草刀片的旋转，实现精确的割草路径控制和草坪的均匀修整。,,,对路径控制的精度、割草刀片的速度和稳定性要求高，并考虑低噪音和节能。,,,"直流伺服驱动, 割草刀片, 车轮模块, 控制器",对路径控制的精度、割草刀片的速度和稳定性要求高，并考虑低噪音和节能。,某园艺设备公司推出的自动割草机器人
26,晶体绑定和对位控制,半导体设备,固晶机,半导体设备,,固晶机用于将芯片贴合在支架上，并确保精确对位。直流伺服驱动用于控制贴合头的XYZ轴运动实现精确定位和贴合动作，保证每颗芯片的位置和固定效果。,,,要求高精度的对位和贴合控制，以及快速响应，实现高速、高效生产。,,半导体设备,"3个直流伺服驱动, 直线电机, 控制器, 直线编码器",要求高精度的对位和贴合控制，以及快速响应，实现高速、高效生产。,某LED厂商用于芯片封装生产线
27,多轴控制及焊接精度,制造业,管道焊接,制造业,,管道焊接设备用于焊接大型管道，直流伺服用于控制焊接头和管道的位置，实现高度精度的多轴焊接，并确保焊缝质量符合标准要求。,,,对多轴控制和焊接精度要求高，需应对各种材质和直径的管道。,,制造业,"多个直流伺服驱动, 焊接头, 管道支撑机构, 控制器",对多轴控制和焊接精度要求高，需应对各种材质和直径的管道。,某石油公司用于管道焊接施工现场
28,灌装位置及量控制,食品,灌装生产线,食品,,灌装生产线用于将液体或粉体精确灌装到容器中。直流伺服用于控制灌装头的位置及灌装量，实现高精度、高速度的灌装作业，确保产品的质量和一致性。,,,对灌装控制的精度、速度和稳定性要求高，需处理不同粘度和流变特性的液体。,,,"直流伺服驱动, 灌装头, 输送带, 控制器",对灌装控制的精度、速度和稳定性要求高，需处理不同粘度和流变特性的液体。,某饮料厂用于自动化灌装生产线
29,输送带驱动控制,食品,灌装输送线,食品,,灌装输送线用于运输容器到灌装工位。直流伺服用于控制输送带的速度和位置，确保容器的稳定运输和准确定位，支持连续、高效的生产流程。,,,对输送带的速度控制精度、稳定性和可靠性要求高，并考虑节能方案。,,,"直流伺服驱动, 输送带系统, 控制器",对输送带的速度控制精度、稳定性和可靠性要求高，并考虑节能方案。,某化妆品厂用于自动化灌装输送线
30,三轴稳定控制,航空航天,光电吊舱,影视制作,,光电吊舱用于空中监视、摄影等应用。直流伺服用于控制吊舱的三轴稳定，确保设备在运动状态下能够稳定瞄准和拍摄，提供高清且稳定的视频图像。,,,对三轴的高速响应、高精度控制和稳定性要求特别高，并需应对外部扰动和振动。,,,"直流伺服驱动, 三轴稳定系统, 摄像头, 控制器",对三轴的高速响应、高精度控制和稳定性要求特别高，并需应对外部扰动和振动。,某无人机公司用于无人机的光电吊舱系统
31,光伏设备丝网印卷纸送料工位,,丝网印刷机,制造业,,一个皮带输送线设备,通用伺服应用，1个伺服，电机带同步带，同步带带减速机，双编码器，电机一个编码器，减速机末端有一个外置编码器,,"1. 双闭环
2. 速度响应要快
3. 定位准确性要高
4. 电机转速要求高","大族光伏：目标线速度 1m/s，加减速 5m/s2, 卷纸直径会变，电机转速5000rpm；有体积要求，电机功率密度要求高",制造业,通用伺服应用，1个伺服，电机带同步带，同步带带减速机，双编码器，电机一个编码器，减速机末端有一个外置编码器,"1. 双闭环
2. 速度响应要快
3. 定位准确性要高
4. 电机转速要求高","大族光伏：目标线速度 1m/s，加减速 5m/s2, 卷纸直径会变，电机转速5000rpm；有体积要求，电机功率密度要求高"
32,   光热发电定日镜,,定日镜,其他,光热,   目的是控制定日镜角度,"PLC
主轴：伺服电机+霍尔编码器+减速机+丝杆
副轴：伺服电机+霍尔编码器+减速机+丝杆",,场景定制功能较多,东锅,其他,"PLC
主轴：伺服电机+霍尔编码器+减速机+丝杆
副轴：伺服电机+霍尔编码器+减速机+丝杆",场景定制功能较多,东锅
33,高速打标控制,激光设备,光纤激光标刻机,激光设备,,光纤激光标刻机用于在产品表面进行激光打标。直流伺服用于控制打标头的XYZ轴运动，实现高精度、高速的标记操作，适用于各种材料和形状的产品。,,,对XYZ轴的高精度控制和快速响应要求高，需确保光纤激光的稳定性和功率匹配。,,激光设备,"3个直流伺服驱动, 光纤激光器, XYZ轴机构, 控制器",对XYZ轴的高精度控制和快速响应要求高，需确保光纤激光的稳定性和功率匹配。,某手机厂用于手机壳的激光打标生产线
34,器件定位和切割控制,半导体设备,光学纤维切割机,半导体设备,,光学纤维切割机用于精确切割光纤。直流伺服用于控制切割头的位置和运动，实现高精度、高稳定性的切割操作，确保切口平整、不损伤光纤芯。,,,对XYZ轴的精度控制和切割稳定性要求极高，需考虑光纤的特殊材质和操作环境。,,半导体设备,"直流伺服驱动, 切割头, XYZ轴机构, 控制器",对XYZ轴的精度控制和切割稳定性要求极高，需考虑光纤的特殊材质和操作环境。,某光通信公司用于光纤切割生产线
35,焊接工位控制,锂电设备,焊片机,锂电设备,,焊片机用于焊接电子元件或电池组件的连接片。直流伺服用于控制焊接头的XYZ轴运动，确保焊接位置的精度和焊点质量，提高焊接效率。,,,对XYZ轴的高精度运动控制和焊接质量要求高，操作需快速响应，焊点稳定可靠。,,锂电设备,"3个直流伺服驱动, 焊接头, XYZ轴机构, 控制器",对XYZ轴的高精度运动控制和焊接质量要求高，操作需快速响应，焊点稳定可靠。,某电池厂用于锂电池或LED组件的自动焊接
36,扫描角度控制,国防,红外干扰设备,其他,,红外干扰设备用于发射红外信号干扰敌方设备。直流伺服用于调整发射器的角度和方位，以确保信号覆盖目标区域，实现高效干扰。,,,对角度控制的精度、响应速度和稳定性要求高，适应各种外部环境影响。,,,"直流伺服驱动, 角度调整机构, 控制器",对角度控制的精度、响应速度和稳定性要求高，适应各种外部环境影响。,某军工企业用于战机上的红外干扰系统
37,弧面打印控制,印刷,弧面丝印设备,印刷,,弧面丝印设备用于在弧面物体上进行丝网印刷。直流伺服用于控制印刷头的运动，实现均匀的墨料铺设和精确的图案定位，确保印刷品质。,,,对XYZ轴高精度运动和印刷头的均匀运动控制要求高，需确保印刷一致性和图案清晰度。,,印刷,"直流伺服驱动, 印刷头, XYZ轴机构, 控制器",对XYZ轴高精度运动和印刷头的均匀运动控制要求高，需确保印刷一致性和图案清晰度。,某包装公司用于弧面容器的丝网印刷生产线
38,器件切割控制,半导体设备,划片机,半导体设备,,划片机用于切割半导体晶圆或LED晶片。直流伺服用于控制刀头的XYZ轴运动，实现高精度的划片操作，确保切割路径精确，质量可靠。,,,对XYZ轴高精度运动控制和刀头的稳定性要求高，防止损坏晶片和提高划片速度。,,半导体设备,"3个直流伺服驱动, 刀头, XYZ轴机构, 控制器",对XYZ轴高精度运动控制和刀头的稳定性要求高，防止损坏晶片和提高划片速度。,某半导体公司用于晶圆生产的划片工序
39,多轴焊接控制,制造业,机器人焊接工作站,制造业,,机器人焊接工作站用于完成各种焊接作业。直流伺服用于控制机器人各轴的运动，实现焊接头的精确控制和焊接轨迹的稳定，从而保证焊接质量。,,,对多轴运动控制的精度、速度和同步要求高，需确保焊接质量和效率。,,制造业,"多个直流伺服驱动, 焊接机器人, 控制器",对多轴运动控制的精度、速度和同步要求高，需确保焊接质量和效率。,某汽车厂用于车身焊接的自动化机器人焊接工作站
40,激光摆振控制,,激光振镜仪,制造业,,控制振镜电机小角度高速摆动，带1-2轴,"工控机或单片机
   控制1-2轴中型振镜电机",,"1、速度波动万分之五以内
   2、电机转速9000转以上",大族,制造业,"工控机或单片机
   控制1-2轴中型振镜电机","1、速度波动万分之五以内
   2、电机转速9000转以上",大族
41,激光摆振控制,,工业、民用手持激光焊,"制造业, 电动工具",,控制振镜电机小角度高速摆动，带1-2轴,"工控机或单片机
   控制1-2轴小型振镜电机",,"1、焊接轨迹要求非常平滑，需工业视觉检测通过
   2、与控制层通讯距离最长达50米，且较强抗干扰能力
   3、散热能力要求高
   4、轻量化设计小体积",,"制造业, 电动工具","工控机或单片机
   控制1-2轴小型振镜电机","1、焊接轨迹要求非常平滑，需工业视觉检测通过
   2、与控制层通讯距离最长达50米，且较强抗干扰能力
   3、散热能力要求高
   4、轻量化设计小体积",
42,风速测量控制,激光设备,激光测风,激光设备,,激光测风设备用于测量大气中的风速和风向。直流伺服用于控制激光器的旋转和角度调整，以实现全方位的风速数据采集，提高测量精度。,,,对角度控制的精度和激光器的稳定性要求高，需适应各种环境条件下的长期工作。,,激光设备,"直流伺服驱动, 激光器, 角度调整机构, 控制器",对角度控制的精度和激光器的稳定性要求高，需适应各种环境条件下的长期工作。,某气象局用于台风预测的激光测风设备
43,激光头运动控制,激光设备,激光打标设备,激光设备,,激光打标设备用于在产品上进行激光打标。直流伺服用于控制激光头的XYZ轴运动，实现高精度、高速度的标记操作，广泛应用于各种材料和结构的产品。,,,对XYZ轴高精度运动和激光头的稳定控制要求高，确保打标效果和生产效率。,,激光设备,"3个直流伺服驱动, 激光头, XYZ轴机构, 控制器",对XYZ轴高精度运动和激光头的稳定控制要求高，确保打标效果和生产效率。,某手机配件厂用于产品序列号激光打标
44,焊接轨迹控制,激光设备,激光焊接设备,激光设备,,激光焊接设备用于精确焊接金属或非金属材料。直流伺服用于控制激光头的运动，实现高精度的焊接轨迹，确保焊接质量和效率，适应各种复杂形状的焊接需求。,,,对XYZ轴高精度运动和激光头的稳定控制要求高，适应高速运动和复杂焊接路径。,,激光设备,"直流伺服驱动, 激光头, XYZ轴机构, 控制器",对XYZ轴高精度运动和激光头的稳定控制要求高，适应高速运动和复杂焊接路径。,某汽车零部件厂用于车灯接线焊接
45,器件加工运动控制,激光设备,激光加工设备,激光设备,,激光加工设备用于切割、雕刻、钻孔等各种激光工艺。直流伺服用于控制XYZ轴和旋转轴，实现高精度的加工路径控制，广泛应用于各种精密加工场合。,,,对XYZ轴和旋转轴高精度运动控制和激光头的稳定控制要求高，确保加工质量。,,激光设备,"直流伺服驱动, 激光头, XYZ轴机构, 控制器",对XYZ轴和旋转轴高精度运动控制和激光头的稳定控制要求高，确保加工质量。,某仪器厂用于实验室设备零部件的精密加工
46,切割路径控制,激光设备,激光切割设备,激光设备,,激光切割设备通过激光束切割各种金属和非金属材料。直流伺服用于控制激光头的XYZ轴运动，实现高精度、高效率的切割路径控制，适应多种材料和厚度。,,,对XYZ轴高精度运动和激光头的稳定控制要求高，确保切割路径精确和质量可靠。,,激光设备,"3个直流伺服驱动, 激光头, XYZ轴机构, 控制器",对XYZ轴高精度运动和激光头的稳定控制要求高，确保切割路径精确和质量可靠。,某造船厂用于钢板的自动化激光切割
47,扫描角度和位置控制,激光设备,激光扫描仪,激光设备,,激光扫描仪用于测量地形或物体的三维形态。直流伺服用于控制扫描仪的角度和位置，实现全方位、高精度的扫描，广泛应用于安全监控和地理调查。,,,对角度和位置控制的精度、高响应及长时间工作的稳定性要求高。,,激光设备,"直流伺服驱动, 激光扫描头, 角度调整机构, 控制器",对角度和位置控制的精度、高响应及长时间工作的稳定性要求高。,某测绘公司用于无人机搭载的激光扫描仪
48,包装计量控制,包装设备,计量包装机,物流,,计量包装机用于精确定量并包装各种物料。直流伺服用于控制计量装置和包装头，实现高精度的计量和包装动作，适应不同物料的计量需求。,,,对计量和包装的精度、速度及适应性的要求较高，确保每包物料的一致性和质量。,,,"直流伺服驱动, 计量装置, 包装头, 控制器",对计量和包装的精度、速度及适应性的要求较高，确保每包物料的一致性和质量。,某食品厂用于自动化食品包装生产线
49,金属带飞达场景。飞达设备，取自英文”feeder“音译，即供料器的含义。,,飞达模组,3C设备,,电控模块，送料模块，刀具模块组成，物料覆盖封装带，金属，纸带，塑料等，广泛应用于SMT、日化行业，装配行业。,旋转伺服电机+丝杆+气缸+结构+驱动器+PLC,,节拍要求很快，定位要求精准度高。,华亚飞达项目。,3C设备,旋转伺服电机+丝杆+气缸+结构+驱动器+PLC,节拍要求很快，定位要求精准度高。,华亚飞达项目。
50,生长头多轴运动控制,半导体设备,晶圆外延生长设备,半导体设备,,晶圆外延生长设备用于在基板上生长外延层。直流伺服用于控制生长头的XYZ轴和旋转轴，实现高精度、高均匀度的外延生长，确保器件的性能和质量符合要求。,,,对XYZ轴和旋转轴的高精度控制和稳定性要求高，需确保生长过程的连续性和均匀性。,,半导体设备,"3个直流伺服驱动, 生长头, XYZ轴机构, 旋转机构, 控制器",对XYZ轴和旋转轴的高精度控制和稳定性要求高，需确保生长过程的连续性和均匀性。,某半导体公司用于外延片生产线
51,检测头运动控制,光学仪器制造,精密光学检测设备,其他,,精密光学检测设备用于检测光学器件的质量和特性。直流伺服用于控制检测头的XYZ轴运动，实现高精度、高稳定性的检测操作，确保检测结果的准确性和可靠性。,,,对XYZ轴的高精度控制和检测头的稳定性要求高，需避免检测误差和提高速度。,,,"3个直流伺服驱动, 检测头, XYZ轴机构, 控制器",对XYZ轴的高精度控制和检测头的稳定性要求高，需避免检测误差和提高速度。,某光学厂商用于镜片质量检测
52,多轴组装控制,半导体设备,精密组装机,半导体设备,,精密组装机用于组装小型且精密的器件。直流伺服用于控制组装头的多轴运动，实现高精度的组件定位和装配，确保产品的一致性和可靠性。,,,对多轴运动控制的精度、速度和同步要求高，适应多种组装形态和精密度要求。,,半导体设备,"多个直流伺服驱动, 组装头, XYZ轴机构, 控制器",对多轴运动控制的精度、速度和同步要求高，适应多种组装形态和精密度要求。,某医疗设备厂用于微型器件的精密组装
53,多轴协调控制及调节,餐饮,咖啡机,消费类,,咖啡机用于自动制作咖啡。直流伺服用于控制水泵、咖啡研磨器和奶泡机，实现多轴协调控制和压力调节，确保每杯咖啡的口感和制作精度。,,,对多轴协调控制精度、压力调节和反应速度要求高，需确保稳定的操作性能和用户体验。,,,"直流伺服驱动, 水泵, 研磨器, 奶泡机, 控制器",对多轴协调控制精度、压力调节和反应速度要求高，需确保稳定的操作性能和用户体验。,某家电厂家推出的新款全自动咖啡机
54,关节和运动控制,医药器械,康复机器人,医药器械,,康复机器人用于帮助患者进行物理康复训练，直流伺服用于控制各关节和运动单元，实现精确的运动轨迹和力度，以适应不同类型和阶段的恢复训练需求。,,,对关节和运动单元的精度、速度和安全性要求高，需确保训练的有效性和安全性。,,医药器械,"多个直流伺服驱动, 关节机构, 控制器",对关节和运动单元的精度、速度和安全性要求高，需确保训练的有效性和安全性。,某康复中心用于患者康复训练
55,测试动作和参数控制,协作机器人,锂电池测试设备,锂电设备,,锂电池测试设备用于对锂电池进行性能测试。直流伺服用于控制测试探针和动力装置的运动，实现高精度的测试参数控制和结果记录，以验证电池的性能和质量。,,,对测试探针的精度、速度和稳定性要求高，需确保测试过程的一致性和可靠性。,,,"直流伺服驱动, 测试探针, 动力装置, 控制器",对测试探针的精度、速度和稳定性要求高，需确保测试过程的一致性和可靠性。,某电池公司用于锂电池性能检测
56,分选控制和计量,协作机器人,锂电池分选机,锂电设备,,锂电池分选机用于根据电池的性能和规格进行分选。直流伺服用于控制输送装置和分选机构，实现高精度的分选控制和准确的计量，提高生产线的自动化水平。,,,对分选控制的精度、速度和一致性要求高，需确保各类电池的精确分选。,,,"直流伺服驱动, 输送装置, 分选机构, 控制器",对分选控制的精度、速度和一致性要求高，需确保各类电池的精确分选。,某新能源公司用于锂电池生产线
57,卷绕控制和张力调节,协作机器人,锂电池卷绕机,锂电设备,,锂电池卷绕机用于将电池材料卷绕成电芯。直流伺服用于控制卷绕机构和张力装置，实现高精度的卷绕控制和准确的张力调节，确保电池的一致性和稳定性。,,,对卷绕控制的精度、速度和张力调节要求高，需确保卷绕过程的连续性和稳定性。,,,"直流伺服驱动, 卷绕机构, 张力装置, 控制器",对卷绕控制的精度、速度和张力调节要求高，需确保卷绕过程的连续性和稳定性。,某新能源公司用于锂电池电芯生产
58,多轴运动协调控制,协作机器人,锂电池制造设备,锂电设备,,锂电池制造设备包括多个生产工序。直流伺服用于控制各工序的多轴运动，实现高精度、多段位的协调控制，提高生产线的自动化程度和生产效率。,,,对多轴的协调控制和操作精度要求高，需确保各工序的连续性和一致性。,,,"多个直流伺服驱动, 生产工艺设备, 多轴控制系统",对多轴的协调控制和操作精度要求高，需确保各工序的连续性和一致性。,某新能源公司用于全自动锂电池生产线
59,多站点协同装配控制,制造业,流水线自动化装配,制造业,,流水线自动化装配用于各种产品的批量装配。直流伺服用于控制装配机械手和传送装置的多站点协同工作，实现高精度、高速度的连续性装配作业，提高生产线的自动化水平。,,,对多站点协作的控制精度、速度和同步性要求高，需确保装配过程的一致性和效率。,,制造业,"多个直流伺服驱动, 装配机械手, 传送装置, 控制器",对多站点协作的控制精度、速度和同步性要求高，需确保装配过程的一致性和效率。,某家电厂用于洗衣机的自动化装配生产线
60,自动涂层控制,制造业,流水线自动涂装机,制造业,,流水线自动涂装机用于对产品表面进行涂层处理。直流伺服用于控制喷枪和涂装机械手，实现高精度的涂层厚度和均匀性控制，提高产品的涂装质量和生产效率。,,,对喷枪和涂装机械手的运动控制精度、速度和涂层质量要求高，需确保涂层的均匀性和一致性。,,制造业,"直流伺服驱动, 喷枪, 涂装机械手, 控制器",对喷枪和涂装机械手的运动控制精度、速度和涂层质量要求高，需确保涂层的均匀性和一致性。,某汽车厂用于汽车车身的自动涂装生产线
61,螺丝刀,,螺丝刀,制造业,,高频启停,"单片机
   1轴直流旋转电机+1旋转编码器",,"1、高频启停
   2、散热要求
   3、高扭矩控制精度
   4、轻量化设计小体积",艾而特,制造业,"单片机
   1轴直流旋转电机+1旋转编码器","1、高频启停
   2、散热要求
   3、高扭矩控制精度
   4、轻量化设计小体积",艾而特
62,螺丝锁紧和扭松,,锁螺丝机,3C设备,,目的是在一块多螺丝的板子上，通过拧紧和拧松的方式，调节螺丝高度，最终达成螺丝较为统一的高度,未知（项目处于客户自行测试阶段，未见到设备）,,"1.考虑定位精度
   2.考虑套头套住螺丝的时候不够精准，要设置防呆模式
   3.力控有一定的要求",华为团泊洼实验室,3C设备,未知（项目处于客户自行测试阶段，未见到设备）,"1.考虑定位精度
   2.考虑套头套住螺丝的时候不够精准，要设置防呆模式
   3.力控有一定的要求",华为团泊洼实验室
63,生产设备多轴控制,食品,面粉设备,食品,,面粉设备用于将小麦加工成面粉。直流伺服用于控制磨辊、输送带和筛分装置的多轴运动，实现高精度的面粉生产工序控制，提高面粉的质量和生产效率。,,,对磨辊、输送带和筛分装置的运动控制精度、速度和同步性要求较高，需确保面粉的品质和生产效率。,,,"直流伺服驱动, 磨辊, 输送带, 筛分装置, 控制器",对磨辊、输送带和筛分装置的运动控制精度、速度和同步性要求较高，需确保面粉的品质和生产效率。,某粮油厂用于全自动面粉生产线
64,垂直和水平运动控制,建筑设备,爬墙机器人,其他,,爬墙机器人用于进行建筑物外墙清洁和检测。直流伺服用于控制机器人在垂直和水平方向的运动，实现精确的路径控制和运动稳定性，确保作业的安全性和效果。,,,对垂直和水平运动的精度、速度和响应性要求高，需确保机器人在各种工况下的稳定性和安全性。,,,"多个直流伺服驱动, 机器人体, 控制器",对垂直和水平运动的精度、速度和响应性要求高，需确保机器人在各种工况下的稳定性和安全性。,某物业公司用于高层建筑外墙清洁
65,多轴喷洗控制,制造业,喷洗设备,制造业,,喷洗设备用于清洗各种大型设备或设施。直流伺服用于控制喷洗机械臂的多轴运动，实现高精度和高效率的喷洗操作，广泛应用于交通工具、工业设备等的清洗维护。,,,对多轴运动控制的精度、速度和同步性要求高，需适应不同形态和大小的设备清洗需求。,,制造业,"多个直流伺服驱动, 喷洗机械臂, 控制器",对多轴运动控制的精度、速度和同步性要求高，需适应不同形态和大小的设备清洗需求。,某铁路用全自动列车外表清洗喷洗设备
66,多轴协调控制,家电,全自动咖啡机,消费类,,全自动咖啡机用于自动化制作咖啡。直流伺服用于控制水泵、研磨器和奶泡机，实现多轴协调控制和精密调节，确保每杯咖啡的品质和一致性。,,,对多轴协调控制的精度、压力调节和反应速度要求高，需确保稳定的操作性能和用户体验。,,,"多个直流伺服驱动, 水泵, 研磨器, 奶泡机, 控制器",对多轴协调控制的精度、压力调节和反应速度要求高，需确保稳定的操作性能和用户体验。,某家电公司推出的全自动智能咖啡机
67,动作和参数控制,汽车保养,全自动洗车机,其他,,全自动洗车机用于自动化清洗车辆。直流伺服用于控制清洗臂和喷水系统，实现高精度的动作和参数控制，确保清洗的效果和效率，增强用户体验。,,,对动作控制的精度、速度要求高，需确保清洗过程中车辆表面的完全覆盖和均匀清洗。,,,"直流伺服驱动, 清洗臂, 喷水系统, 控制器",对动作控制的精度、速度要求高，需确保清洗过程中车辆表面的完全覆盖和均匀清洗。,某汽车美容店全自动快速洗车设备
68,人形机器人,,人形机器人,"消费类, 制造业",,请咨询FAE部门,请咨询FAE部门,,请咨询FAE部门,南科大,"消费类, 制造业",请咨询FAE部门,请咨询FAE部门,南科大
69,柔性传输线,,柔性传输线,制造业,,请咨询柔性组,请咨询柔性组,,请咨询柔性组,艾美珈,制造业,请咨询柔性组,请咨询柔性组,艾美珈
70,摄影小车的精准运动控制,影视制作,摄影小车,影视制作,,摄影小车用于移动拍摄场景。直流伺服用于控制小车的前进、转向和速度，实现高精度的轨道拍摄和运动稳定性，提高拍摄效果和体验。,,,对运动控制的精度、速度和平滑性要求高，需确保拍摄过程中画面的稳定性和一致性。,,影视制作,"直流伺服驱动, 前进机构, 转向机构, 控制器",对运动控制的精度、速度和平滑性要求高，需确保拍摄过程中画面的稳定性和一致性。,某电影制片厂用于大型动作戏的移动摄影设备
71,温度和搅拌控制,生物技术,生化反应器控制,其他,,生化反应器用于进行生化反应过程。直流伺服用于控制反应器内的温度和搅拌，实现准确的参数调节和稳定的反应过程，确保实验的成功率和产物质量。,,,对温度和搅拌控制的精度和稳定性要求高，需要高度稳定的控制策略和长期可靠性。,,,"直流伺服驱动, 温度控制系统, 搅拌系统, 反应器",对温度和搅拌控制的精度和稳定性要求高，需要高度稳定的控制策略和长期可靠性。,某医药公司用于新药研发的生化实验室
72,液体处理和输送控制,生物技术,生物实验室液体处理系统,其他,,生物实验室液体处理系统用于自动化处理和输送各种试剂。直流伺服用于控制液泵和输送管，实现高精度和高灵敏度的液体处理操作，确保实验的准确性和一致性。,,,对液体处理和输送控制的精度和响应速度要求高，需确保各种试剂处理过程的安全性和无污染。,,,"直流伺服驱动, 液泵, 输送管, 控制器",对液体处理和输送控制的精度和响应速度要求高，需确保各种试剂处理过程的安全性和无污染。,某生物公司用于CRISPR实验室的高通量液体处理
73,使用ZR模组把小件物料置入到苹果治具,,SP小件植入机,3C设备,,把小件物料植入治具，焊接到手机底板上然后再焊接小件物料,"欧姆龙PLC
XY轴直线电机
摄像头
五个ZR模组",,,,3C设备,"欧姆龙PLC
XY轴直线电机
摄像头
五个ZR模组",,
74,使用激光和振镜实现金属的激光焊接,,手持激光焊,激光设备,,正负3度的振幅摆动振镜；300hz位置跟随；最终表现就是焊缝均匀,直流有刷旋转电机；编码器：基于光电池模拟量编码器；驱动器；振镜领域专用控制器,,"1、涉及体积原因，一般会选用直流有刷电机；
2、同样也是因为体积等原因，编码器直接使用的是光电池；
3、行业领域协议：XY2-100协议",https://motiong.feishu.cn/docx/H4j1dQfh9oYebFxS96icAYXRnBe,激光设备,直流有刷旋转电机；编码器：基于光电池模拟量编码器；驱动器；振镜领域专用控制器,"1、涉及体积原因，一般会选用直流有刷电机；
2、同样也是因为体积等原因，编码器直接使用的是光电池；
3、行业领域协议：XY2-100协议",https://motiong.feishu.cn/docx/H4j1dQfh9oYebFxS96icAYXRnBe
75,模组组装控制,3C设备,手机相机模组组装设备,3C设备,,手机相机模组组装设备用于将镜头、传感器等组件精确装配到一起。直流伺服用于控制装配头的多轴运动，实现高精度的模组组装，确保相机模组的性能和稳定性。,,,对多轴运动控制的精度和速度要求高，需确保每个组件的准确装配和定位。,,3C设备,"多个直流伺服驱动, 装配头, XYZ轴机构, 控制器",对多轴运动控制的精度和速度要求高，需确保每个组件的准确装配和定位。,某手机制造厂用于相机模组的自动化装配生产线
76,多轴装配控制,3C设备,手机组装生产线,3C设备,,手机组装生产线用于对手机各个部件进行精确装配。直流伺服用于控制各种装配机械手和传送工具，实现高精度的多轴协调装配，确保每个组件的正确安装和定位。,,,对多轴运动控制的精度和速度要求高，需确保大规模生产中的一致性和可靠性。,,3C设备,"多个直流伺服驱动, 装配机械手, 传送工具, 控制器",对多轴运动控制的精度和速度要求高，需确保大规模生产中的一致性和可靠性。,某手机制造厂用于智能手机的全自动装配生产线
77,手术器械的精准控制,医药器械,手术机器人,医药器械,,手术机器人用于协助医生进行微创手术。直流伺服用于控制手术器械的高精度运动，实现复杂手术操作中的精准和灵敏性，提高手术的成功率和安全性。,,,对运动控制的精度、速度和灵敏性要求极高，需确保手术操作的安全性和可靠性。,,医药器械,"多个直流伺服驱动, 手术器械, 控制器",对运动控制的精度、速度和灵敏性要求极高，需确保手术操作的安全性和可靠性。,某医院用于心脏微创手术的高端手术机器人
78,属于半导体生产线上的一个通用工位，一般性的上下游转移晶片，都要用到此设备,,半导体晶圆搬运设备,半导体设备,,高效的转移晶圆片到后续的工位，动作包括伸缩、旋转，上升下降等,"T1轴 伺服驱动器+直驱+绝对值编码器+伺服电机  旋转动作
T2轴 伺服驱动器+直驱+绝对值编码器+伺服电机  旋转动作
T3轴 伺服驱动器+直驱+绝对值编码器+伺服电机  旋转动作
Z轴  外部抱闸+伺服驱动器+丝杆+绝对值编码器 + 伺服电机 升降动作",,"1、T1、T2、T3轴实际运动是耦合在一起的，共同完成旋转、伸缩的动作。
2、此场景需要动力电和控制电分开，所以必须用我们的DG3系列（但是和客户说的型号是定制的）
3、需要使用高速探针功能、两路、探针周期为20us，硬件采集为中断实时采集
4、机械机构的差异性会导致运行中震动，需要添加合适的滤波器
5、由于客户CANopen主站限制，同步周期目前只能做到16ms，很慢
6、除了Z轴以外，其他轴的编码器协议是定制的SSI协议",CN-N-22-C-HY-XS02项目,半导体设备,"T1轴 伺服驱动器+直驱+绝对值编码器+伺服电机  旋转动作
T2轴 伺服驱动器+直驱+绝对值编码器+伺服电机  旋转动作
T3轴 伺服驱动器+直驱+绝对值编码器+伺服电机  旋转动作
Z轴  外部抱闸+伺服驱动器+丝杆+绝对值编码器 + 伺服电机 升降动作","1、T1、T2、T3轴实际运动是耦合在一起的，共同完成旋转、伸缩的动作。
2、此场景需要动力电和控制电分开，所以必须用我们的DG3系列（但是和客户说的型号是定制的）
3、需要使用高速探针功能、两路、探针周期为20us，硬件采集为中断实时采集
4、机械机构的差异性会导致运行中震动，需要添加合适的滤波器
5、由于客户CANopen主站限制，同步周期目前只能做到16ms，很慢
6、除了Z轴以外，其他轴的编码器协议是定制的SSI协议",CN-N-22-C-HY-XS02项目
79,仿生泳姿控制,海洋工程,水下机器人,其他,,水下机器人用于进行水下探测、环境监测和施工。直流伺服用于控制机器人各关节的协同运动，实现仿生的灵活泳姿和精准的定位，适应复杂的水下环境。,,,对关节运动和整体协调的精度、灵活性和稳定性要求高，需适应各种水下环境和任务要求。,,,"多个直流伺服驱动, 关节机构, 控制器",对关节运动和整体协调的精度、灵活性和稳定性要求高，需适应各种水下环境和任务要求。,某海洋研究所用于海底矿产勘探
80,印刷头运动和丝网控制,印刷,丝网印设备,印刷,,丝网印设备用于在不同材质表面进行丝网印刷。直流伺服用于控制印刷头和丝网的运动，实现高精度的图像和文字印刷，确保印刷效果的一致性和品质。,,,对印刷头和丝网运动控制的精度和速度要求高，需确保印刷过程中的均匀性和一致性。,,印刷,"直流伺服驱动, 印刷头, 丝网, 控制器",对印刷头和丝网运动控制的精度和速度要求高，需确保印刷过程中的均匀性和一致性。,某包装公司用于高端包装纸盒的自动丝网印刷生产线
81,装配机构的多轴控制,能源,太阳能电池板装配设备,其他,,太阳能电池板装配设备用于将太阳能电池组件精确装配在一起。直流伺服用于控制装配机械手和移动平台，实现高精度多轴装配，确保每个电池组件的正确安装和固定，以提高产量和装配质量。,,,对装配机械手和移动平台控制的精度和速度要求高，需确保装配过程的一致性和效率。,,,"多个直流伺服驱动, 装配机械手, 移动平台, 控制器",对装配机械手和移动平台控制的精度和速度要求高，需确保装配过程的一致性和效率。,某太阳能设备公司用于光伏电池板的自动化装配生产线
82,生产机构运动控制,能源,太阳能逆变器制造设备,其他,,太阳能逆变器制造设备用于生产转换太阳能的逆变器。直流伺服用于控制制造设备的运动部件，实现高精度、高效率的装配和检测，提高逆变器的生产质量和一致性。,,,对制造设备运动控制的精度、速度要求高，需确保逆变器各组件装配和检测的一致性和精度。,,,"直流伺服驱动, 生产设备, 控制系统",对制造设备运动控制的精度、速度要求高，需确保逆变器各组件装配和检测的一致性和精度。,某电力设备厂用于太阳能逆变器自动化生产线
83,贴片机贴片头的运动控制,,贴片机,半导体设备,,"目的是控制贴片头的z轴运动和旋转运动
   可使用ZR模组实现","PLC
   z轴：1台直线电机 或 1台音圈电机 + 直线编码器+直流伺服驱动器
   R轴：1台旋转伺服电机+旋转编码器+直流伺服驱动器",,"1. 高速低惯量电机选择。
   2. 轻量化设计。
   3. 视觉系统与运动控制高度协同。
   4. 高精度位置反馈。
   5. 良好的热管理和振动控制。", ,半导体设备,"PLC
   z轴：1台直线电机 或 1台音圈电机 + 直线编码器+直流伺服驱动器
   R轴：1台旋转伺服电机+旋转编码器+直流伺服驱动器","1. 高速低惯量电机选择。
   2. 轻量化设计。
   3. 视觉系统与运动控制高度协同。
   4. 高精度位置反馈。
   5. 良好的热管理和振动控制。", 
84,贴装运动控制,光学仪器制造,透镜贴装,其他,,透镜贴装用于将透镜精确装配到光学设备或电子器件中。直流伺服用于控制贴装头的多轴运动，实现高精度的透镜定位和贴装，确保光学性能和组件的一致性。,,,对贴装头多轴运动控制的精度、速度和一致性要求高，需确保透镜装配的稳定性和光学性能。,,,"多个直流伺服驱动, 贴装头, XYZ轴机构, 控制器",对贴装头多轴运动控制的精度、速度和一致性要求高，需确保透镜装配的稳定性和光学性能。,某光学公司用于智能手机相机透镜贴装生产线
85,外骨骼机器人,,外骨骼机器人,医药器械,,是一个仿生肢体，腿部外骨骼,2轴，无框力矩电机+编码器+dc伺服驱动,,"1. 有类似零速阻尼的功能，但是由主站实现，走CST模式
2. 编码器的安装需要注意
3. 力矩过载峰值要求比较高",布法罗,医药器械,2轴，无框力矩电机+编码器+dc伺服驱动,"1. 有类似零速阻尼的功能，但是由主站实现，走CST模式
2. 编码器的安装需要注意
3. 力矩过载峰值要求比较高",布法罗
86,无人机测绘,,激光雷达,测绘行业,,在对复杂地形，全站仪和人难以轻松做测绘工作时，通过无人机带载激光雷达，进行测绘,两轴，pitch轴 0-180°运动，yaw轴360°运动。可使用1运动控制卡+2旋转伺服+2旋转编码器+2直流伺服驱动器,,考虑转速和定位精度，以及最慢的转速,南方卫星,测绘行业,两轴，pitch轴 0-180°运动，yaw轴360°运动。可使用1运动控制卡+2旋转伺服+2旋转编码器+2直流伺服驱动器,考虑转速和定位精度，以及最慢的转速,南方卫星
87,驾驶和路径规划控制,3C设备,无人配送车辆,物流,,无人配送车辆用于自动化物品配送。直流伺服用于控制车辆的驱动和转向，实现高精度的路径规划和避障能力，确保配送的效率和安全性。,,,对驾驶和路径规划的精度、速度和稳定性要求高，需确保复杂环境下的安全和可靠配送。,,物流,"多个直流伺服驱动, 驱动机构, 转向机构, 控制器",对驾驶和路径规划的精度、速度和稳定性要求高，需确保复杂环境下的安全和可靠配送。,某快递公司用于物流中心的无人配送系统
88,显影头运动控制及参数控制,半导体设备,显影机,半导体设备,,显影机用于在半导体和显示器制造中进行图像显影。直流伺服用于控制显影头的多轴运动和显影参数，实现高精度、高均匀度的显影过程，确保显影质量和生产效率。,,,对显影头多轴运动控制的精度和均匀性要求高，需确保显影过程的一致性和效率。,,半导体设备,"直流伺服驱动, 显影头, 多轴运动控制系统",对显影头多轴运动控制的精度和均匀性要求高，需确保显影过程的一致性和效率。,某显示器厂用于高分辨率显示屏的显影工序
89,协作机器人检测工位,协作机器人,协作机器人,制造业,,协作机器人在检测工位上进行产品的质量检测，需要精确控制机器人的移动和检测工具的运动。通常涉及多轴的协调运动，包括XYZ轴的直线运动和旋转轴。适合需要较高精确度和柔性操作的工位。,,,高精度、低误差、稳定性要求,,,伺服电机、编码器、驱动器,高精度、低误差、稳定性要求,电子产品装配线、半导体制造
90,协作机器人喷涂工位,协作机器人,协作机器人,制造业,,协作机器人进行喷涂任务，通过编程实现机臂的多轴运动，保证喷涂均匀和一致性。直流伺服驱动可以控制喷涂的速度和流量，有效保证喷涂质量。,,,均匀性、精度、速度控制,,,伺服电机、编码器、控制系统,均匀性、精度、速度控制,汽车喷漆、电子设备喷涂
91,协作机器人装配工位,协作机器人,协作机器人,制造业,,在装配工位，协作机器人需要进行组件的拾取和放置，具有高精度和重复精度的要求。直流伺服驱动可以提供稳定和精确的运动控制。,,,精度、高重复性、稳定性,,,伺服电机、传感器、驱动器,精度、高重复性、稳定性,汽车制造、电子设备装配
92,新能源汽车充换电,汽车保养,充电桩、换电站设备,其他,,在新能源汽车充换电场景中，直流伺服驱动可以用于控制设备的定位和连接操作，确保设备精准、安全地连接到车身。,,,可靠性、安全性、精度,,,伺服电机、传感器、驱动器,可靠性、安全性、精度,充电桩、换电站
93,巡检机器人,能源,巡检机器人,其他,,巡检机器人用于进行设备和环境的实时监测，通过直流伺服驱动实现平稳的移动和精准的检测定位。,,,精准定位、稳定移动、续航能力,,,伺服电机、传感器、摄像头,精准定位、稳定移动、续航能力,电力巡检、工厂设备巡检
94,药物分拣设备,医药器械,药物分拣设备,医药器械,,药物分拣设备需要高速精确地分拣药物，通过多轴直流伺服驱动系统控制抓取和放置。,,,高速、精度、稳定性,,医药器械,伺服电机、传感器、机械臂,高速、精度、稳定性,制药厂自动化分拣线
95,医疗机器人,医药器械,医疗机器人,医药器械,,医疗机器人用于辅助手术和操作，通过多轴直流伺服驱动实现精准和柔性的运动。,,,高精度、柔性、安全性,,医药器械,伺服电机、传感器、控制系统,高精度、柔性、安全性,腹腔镜手术机器人
96,医疗实验室搬运机器人,医药器械,实验室搬运机器人,医药器械,,实验室搬运机器人用于运输实验室物品，通过直流伺服驱动实现稳定和精准的定位移动。,,,稳定移动、精准定位、安全性,,医药器械,伺服电机、传感器、驱动器,稳定移动、精准定位、安全性,医疗实验室自动化管理
97,医疗影像设备,医药器械,医疗影像设备,医药器械,,医疗影像设备需要精确控制探测部件的运动，直流伺服驱动可以提供高精度的定位控制。,,,高精度、稳定性、安全性,,医药器械,伺服电机、传感器、控制系统,高精度、稳定性、安全性,MRI、CT成像设备
98,医美机器人,协作机器人,医美机器人,其他,,医美机器人用于美容手术，通过多轴直流伺服驱动实现精准操作和灵活控制。,,,高精度、柔性、安全性,,,伺服电机、传感器、控制系统,高精度、柔性、安全性,激光美容机器人
99,移液机器人,高校/研究院,移液机器人,其他,,移液机器人用于自动化液体处理，通过直流伺服驱动实现精准的液量控制和定位。,,,高精度、稳定性、可靠性,,,伺服电机、传感器、驱动器,高精度、稳定性、可靠性,实验室液体处理系统
100,印刷电路板钻孔机,半导体设备,印刷电路板钻孔机,半导体设备,,印刷电路板钻孔需要高速度、高精度的运动控制，直流伺服驱动可以提供对钻头运动的精确控制。,,,高速度、高精度、稳定性,,半导体设备,伺服电机、编码器、控制系统,高速度、高精度、稳定性,电子制造PCB钻孔设备
101,预推机的工件焊点推杆控制,,预推机的推杆控制,制造业,,工件在前面有焊点，预推机为把虚焊的点位推掉。这样后续设备就可以通过视觉排除有问题的工件,"汇川PLC
一个伺服控制凸轮结构
根据不同工件种类而需要不同数量的音圈电机",,,,制造业,"汇川PLC
一个伺服控制凸轮结构
根据不同工件种类而需要不同数量的音圈电机",,
102,云台,影视制作,云台装置,影视制作,,云台装置需要实现精准的角度控制，通过直流伺服驱动实现平滑的旋转和定位。,,,平滑旋转、高精度、稳定性,,影视制作,伺服电机、编码器、控制系统,平滑旋转、高精度、稳定性,监控设备、拍摄设备
103,直线电机加无刷电机拼接,,柔性流水线,物流,,直线电机拼接，动子互相切换已达到可以在每个线圈上运动,直线电机+圆弧做无刷电机,,,,物流,直线电机+圆弧做无刷电机,,
104,智能搬运机器人,协作机器人,搬运机器人,物流,,智能搬运机器人用于自动化运输，通过直流伺服驱动实现稳定的移动和精确的路径控制。,,,稳定移动、精确路径控制、可靠性,,,伺服电机、传感器、驱动器,稳定移动、精确路径控制、可靠性,仓库自动化搬运系统
105,智能并线机器人装备,制造业,并线机器人,制造业,,并线机器人用于纱线的自动并合，通过直流伺服驱动实现高精度的运动控制。,,,高精度、稳定性、可靠性,,制造业,伺服电机、传感器、驱动器,高精度、稳定性、可靠性,纺织厂自动化设备
106,智能仓储系统,3C设备,仓储系统,物流,,智能仓储系统需要自动化物料搬运和存储，通过直流伺服驱动实现精确的定位移动。,,,精确定位、稳定移动、可靠性,,物流,伺服电机、传感器、驱动器,精确定位、稳定移动、可靠性,智能仓库系统
107,智能清舱农机,农业,农业机械,农业,,智能清舱农机用于清理仓库或农田，通过直流伺服驱动实现高效的移动和工作。,,,稳定性、高效移动、耐用性,,农业,伺服电机、编码器、控制系统,稳定性、高效移动、耐用性,农业生产自动化设备
108,转台,3C设备,转台装置,3C设备,,转台用于产品展示或加工，通过直流伺服驱动实现稳定的旋转和定位。,,,稳定旋转、高精度、控制性,,3C设备,伺服电机、编码器、控制系统,稳定旋转、高精度、控制性,机器人展览、加工转台
109,自动搬运物流车,,地狼AGV,物流,,目的是控制物流小车通过激光雷达搬运货物到指定的位置，包括前进后退、原地旋转,"主站，客户自研控制板
从站1：行走左轮 驱动器+编码器+减速机+电机
从站2：行走右轮 驱动器+编码器+减速机+电机
从站3：顶升电机 驱动器+编码器+减速机+电机
从站4：旋转电机 驱动器+编码器+减速机+电机",,"1、客户批量生产队电机的一致性要求比较高，我司提供的定制电机，需要要求电机厂家改进安装工艺
2、采用CSV模式控制",CN-N-22-T-JDWL,物流,"主站，客户自研控制板
从站1：行走左轮 驱动器+编码器+减速机+电机
从站2：行走右轮 驱动器+编码器+减速机+电机
从站3：顶升电机 驱动器+编码器+减速机+电机
从站4：旋转电机 驱动器+编码器+减速机+电机","1、客户批量生产队电机的一致性要求比较高，我司提供的定制电机，需要要求电机厂家改进安装工艺
2、采用CSV模式控制",CN-N-22-T-JDWL
110,自动点餐与配送机器人,餐饮,点餐与配送机器人,其他,,自动点餐与配送机器人用于餐饮行业的自动点餐和食物配送，通过直流伺服驱动实现精准的移动和定位。,,,精确定位、稳定移动、可靠性,,,伺服电机、传感器、驱动器,精确定位、稳定移动、可靠性,餐厅自动化服务系统
111,自动光伏电池测试设备,半导体设备,光伏测试设备,半导体设备,,光伏电池测试设备需要高精度的测试和数据采集，通过直流伺服驱动实现测试装置的精确运动。,,,高精度、数据稳定性、可靠性,,半导体设备,伺服电机、传感器、控制系统,高精度、数据稳定性、可靠性,光伏电池生产线
112,自动焊接机,制造业,焊接机,制造业,,自动焊接机用于高精度焊接，通过直流伺服驱动控制焊接头的运动，实现一致的焊接质量。,,,高精度、一致性、稳定性,,制造业,伺服电机、编码器、控制系统,高精度、一致性、稳定性,汽车制造、金属加工
113,自动化玻璃清洗设备,制造业,玻璃清洗设备,制造业,,自动化玻璃清洗设备需要精准控制清洗头的运动，通过直流伺服驱动可以实现均匀、高效的清洗。,,,精准运动、均匀清洗、高效性,,制造业,伺服电机、传感器、驱动器,精准运动、均匀清洗、高效性,玻璃制造厂清洗线
114,自动化仓库堆垛机,3C设备,仓库堆垛机,物流,,自动化仓库堆垛机用于自动化仓储，通过直流伺服驱动实现堆垛机的精准定位和稳定操作。,,,精准定位、稳定操作、可靠性,,物流,伺服电机、传感器、驱动器,精准定位、稳定操作、可靠性,自动化仓储系统
115,自动化冲压机,制造业,冲压机,制造业,,自动化冲压机需要高速度、高精度的运动控制，通过直流伺服驱动实现揉零件的精准冲压。,,,高速度、高精度、稳定性,,制造业,伺服电机、编码器、控制系统,高速度、高精度、稳定性,金属制造自动化设备
116,自动化打包机,3C设备,打包机,物流,,自动化打包机通过直流伺服驱动控制打包动作，实现快速、高效的打包作业。,,,高效率、稳定性、精确控制,,物流,伺服电机、传感器、驱动器,高效率、稳定性、精确控制,物流打包自动化系统
117,自动化点焊机,制造业,点焊机,制造业,,在点焊机中，需要对焊点进行精准定位，以完成多点焊接。目的：实现高效、精准的焊接过程。该场景需要多个轴的协调运动，包括X轴、Y轴的平面运动以及Z轴的上下运动。,,,高响应速度、高位置精度和强大的负载能力，以应对焊接过程中复杂的动力学变化。,,制造业,驱动电机、直线导轨、编码器、工业控制器、伺服驱动器,要求：高响应速度、高位置精度和强大的负载能力，以应对焊接过程中复杂的动力学变化。,某汽车制造厂的机器人自动化点焊机应用
118,自动化点胶机中的点胶头位置控制,3C设备,点胶机,3C设备,,点胶机中点胶头的准确位置控制直接关系到产品的质量。目的：实现精准、可控、高效的点胶过程。运动轴包括X、Y轴的平面运动以及Z轴的垂直运动。,,"方案一：
x轴：1台直线电机+直线编码器+直流伺服驱动器
y轴：2台直线电机+2条直线编码器+2台直流伺服驱动器
z轴：1台旋转伺服电机+旋转编码器+直流伺服驱动器+丝杆传动",高精度的位置控制、高速度的响应和稳定的运行，以确保每一个点胶位置的准确性。,,3C设备,驱动电机、螺杆、编码器、工业控制器、伺服驱动器,要求：高精度的位置控制、高速度的响应和稳定的运行，以确保每一个点胶位置的准确性。,欧洲某家电子制造企业的点胶机使用案例
119,自动化点胶机中的点胶头位置控制,,点胶机,3C设备,,"目的是控制点胶头xyz的三轴运动
   其中xy运动可通过龙门实现，z轴运动可通过丝杆模组实现
   ","工控机
   x轴：1台直线电机+直线编码器+直流伺服驱动器
   y轴：2台直线电机+2条直线编码器+2台直流伺服驱动器
   z轴：1台旋转伺服电机+丝杆传动+旋转编码器+直流伺服驱动器",,"1.需考虑各种粘度胶水的流速控制，防止漏胶。
   2.控制系统需与视觉系统结合，实现精准点胶位置检测。", ,3C设备,"工控机
   x轴：1台直线电机+直线编码器+直流伺服驱动器
   y轴：2台直线电机+2条直线编码器+2台直流伺服驱动器
   z轴：1台旋转伺服电机+丝杆传动+旋转编码器+直流伺服驱动器","1.需考虑各种粘度胶水的流速控制，防止漏胶。
   2.控制系统需与视觉系统结合，实现精准点胶位置检测。", 
120,自动化多轴钻孔设备,制造业,多轴钻孔机,制造业,,在多个钻孔头进行同步或异步的钻孔作业时，需要多个驱动轴的协调控制。目的：确保钻孔的精度和一致性。该场景涉及X、Y、Z三轴的协调运动。,,,高同步性、高精度和高可靠性，同时需要具备强大的抗干扰能力。,,制造业,驱动电机、螺杆、编码器、工业控制器、伺服驱动器、钻孔头,要求：高同步性、高精度和高可靠性，同时需要具备强大的抗干扰能力。,航空航天领域的多轴钻孔设备应用案例
121,自动化纺织机,纺织,纺织机,制造业,,纺织机需要精确地控制纱线的拉伸和移动。目的：提高布料质量和生产效率。该场景涉及X轴的平面运动和多个纱线导引轴的同步运动。,,,高稳定性、抗拉伸应变和长时间稳定运行的能力。,,,驱动电机、皮带、编码器、工业控制器、伺服驱动器,要求：高稳定性、抗拉伸应变和长时间稳定运行的能力。,中国某纺织企业自动化纺织设备案例
122,自动化灌装线,食品,灌装机,制造业,,灌装线需要精确地控制瓶子的移动和产品的灌装位置。目的：确保灌装的准确度和效率。该场景一般涉及到X、Y、Z轴的协调运动。,,,高精度、高速度的运动控制以及良好的环境适应性。,,,驱动电机、直线导轨、编码器、工业控制器、伺服驱动器,要求：高精度、高速度的运动控制以及良好的环境适应性。,美国某食品饮料生产企业的自动灌装线应用案例
123,自动化光学检测设备,光学仪器制造,光学检测机,制造业,,光学检测设备需要精确地控制光源和摄像头的位置。目的：确保检测的准确性和效率。该场景涉及X、Y、Z轴的协调运动。,,,高精度、高速度和高稳定性，以确保检测结果的可靠性。,,,驱动电机、直线导轨、编码器、工业控制器、伺服驱动器、摄像头,要求：高精度、高速度和高稳定性，以确保检测结果的可靠性。,某电子制造企业的光学检测设备应用案例
124,自动化焊接,,锡焊机,3C设备,,烙铁旋转角度下压，锡丝传动,板卡，xyzR轴，xy龙门运动，z轴下压，R轴旋转切换角度清锡与焊接，锡丝传动,,锡丝传动，需要用两个滚轮卡住,,3C设备,板卡，xyzR轴，xy龙门运动，z轴下压，R轴旋转切换角度清锡与焊接，锡丝传动,锡丝传动，需要用两个滚轮卡住,
125,自动化化妆品生产设备,化妆品制造,化妆品生产线,制造业,,化妆品生产设备需要精确地控制各种原料的混合和移动。目的：提高生产的精度和效率。该场景涉及X、Y、Z轴的协调运动。,,,高精度、高速度和高卫生标准的运动控制。,,,驱动电机、直线导轨、编码器、混合器、工业控制器、伺服驱动器,要求：高精度、高速度和高卫生标准的运动控制。,某国际知名化妆品企业的自动化生产线应用案例
126,自动化检重机,食品,检重机,制造业,,检重机需要精确地控制称重平台的位置和移动。目的：确保每一件产品的质量标准。该场景涉及X轴的运动。,,,高精度、高速度和高稳定性的运动控制，以确保称重过程的准确性。,,,驱动电机、直线导轨、编码器、称重传感器、工业控制器、伺服驱动器,要求：高精度、高速度和高稳定性的运动控制，以确保称重过程的准确性。,日本某食品企业的自动化检重机应用案例
127,自动化卷纸机,造纸,卷纸机,制造业,,卷纸机需要精确地控制纸张的拉伸和卷绕。目的：提高纸张质量和生产效率。该场景涉及X轴的运动和纸张导引轴的协调运动。,,,高稳定性、抗拉伸应变和长时间稳定运行的能力。,,,驱动电机、皮带、编码器、工业控制器、伺服驱动器,要求：高稳定性、抗拉伸应变和长时间稳定运行的能力。,某国际知名造纸企业的自动化卷纸机应用案例
128,自动化垃圾分类设备,环保,垃圾分类机,其他,,垃圾分类设备需要精确地控制分类机械的动作。目的：提高垃圾分类的效率和准确性。该场景涉及X、Y、Z轴的协调运动。,,,高精度、高速度和高稳定性的运动控制，以确保分类过程的顺利。,,,驱动电机、直线导轨、编码器、抓取装置、工业控制器、伺服驱动器,要求：高精度、高速度和高稳定性的运动控制，以确保分类过程的顺利。,某城市垃圾分类中心的自动化设备应用案例
129,自动化农业喷灌系统,农业,喷灌设备,农业,,农业喷灌系统需要精确地控制水流和喷头的位置。目的：提高灌溉效率和农作物生产率。该场景涉及X、Y轴的平面运动。,,,高精度、高效率的运动控制和抗恶劣环境的能力。,,农业,驱动电机、喷头、管道系统、编码器、工业控制器、伺服驱动器,要求：高精度、高效率的运动控制和抗恶劣环境的能力。,某大型农业种植企业的自动化喷灌系统应用案例
130,自动化喷漆设备,制造业,喷漆机,制造业,,喷漆设备需要精确地控制喷头的位置和喷涂量。目的：实现高质量的喷漆效果。该场景涉及X、Y、Z轴的协调运动。,,,高精度、高稳定性和高环境适应性，同时喷涂过程需要确保安全。,,制造业,驱动电机、喷头、编码器、工业控制器、伺服驱动器、传感器,要求：高精度、高稳定性和高环境适应性，同时喷涂过程需要确保安全。,美国某车企的自动化喷漆设备应用案例
131,自动化喷涂生产线,制造业,喷涂设备,制造业,,喷涂生产线需要精确地控制多个喷头的同步或异步动作。目的：提高喷涂的均匀性和生产效率。该场景涉及X、Y、Z轴的协调运动。,,,高同步性、高精度和高稳定性，同时需要具备强大的抗干扰能力。,,制造业,驱动电机、喷头、编码器、工业控制器、伺服驱动器、传感器,要求：高同步性、高精度和高稳定性，同时需要具备强大的抗干扰能力。,某大型机械制造企业的自动化喷涂生产线应用案例
132,自动化食品加工设备,食品,食品加工机,食品,,食品加工设备需要精确地控制各种加工步骤的位置和时间。目的：提高食品加工的效率和质量。该场景涉及X、Y、Z轴的协调运动。,,,高精度、高速度的运动控制和严格的卫生标准。,,,驱动电机、直线导轨、编码器、工业控制器、伺服驱动器,要求：高精度、高速度的运动控制和严格的卫生标准。,某知名食品企业的自动化加工设备应用案例
133,自动化天线测量系统,半导体设备,天线测量设备,半导体设备,,天线测量系统需要精确地控制天线的位置和角度。目的：实现精确的天线测量结果。该场景涉及X、Y、Z轴和旋转轴的协调运动。,,,高精度、高速度和高稳定性的运动控制，以确保测量结果的可靠性。,,半导体设备,驱动电机、旋转平台、编码器、工业控制器、伺服驱动器、测试传感器,要求：高精度、高速度和高稳定性的运动控制，以确保测量结果的可靠性。,欧洲某通信企业的天线测量系统应用案例
134,自动化贴标机,包装设备,贴标机,制造业,,贴标机需要精确地控制标签的卷放和贴标位置。目的：提高贴标的准确性和效率。该场景涉及X轴和卷轴的协调运动。,,,高精度、高速度和高稳定性的运动控制，以确保每一个标签的位置准确。,,,驱动电机、卷纸机、编码器、工业控制器、伺服驱动器,要求：高精度、高速度和高稳定性的运动控制，以确保每一个标签的位置准确。,某国际知名饮料企业的自动化贴标机应用案例
135,自动化药品分拣系统,医药器械,药品分拣机,医药器械,,药品分拣系统需要精确地控制分拣机械的动作。目的：提高药品分拣的效率和准确性。该场景涉及X、Y、Z轴的协调运动。,,,高精度、高速度和高稳定性的运动控制，以确保分拣过程的顺利。,,医药器械,驱动电机、直线导轨、编码器、抓取装置、工业控制器、伺服驱动器,要求：高精度、高速度和高稳定性的运动控制，以确保分拣过程的顺利。,某大型制药企业的药品分拣系统应用案例
136,自动化印刷设备,印刷,印刷机,印刷,,印刷设备需要精确地控制印刷头的位置和速度。目的：实现高质量的印刷效果。该场景涉及X、Y轴的平面运动。,,,高精度、高速度和高稳定性的运动控制，以确保印刷效果的均匀性和质量。,,印刷,驱动电机、印刷头、编码器、工业控制器、伺服驱动器,要求：高精度、高速度和高稳定性的运动控制，以确保印刷效果的均匀性和质量。,某国际知名出版企业的自动化印刷设备应用案例
137,自动化折弯机,制造业,折弯机,制造业,,折弯机需要精确地控制折弯角度和折弯力。目的：实现高质量的金属折弯。该场景涉及X、Y、Z轴的协调运动。,,,高精度、高速度和高稳定性的运动控制，以确保每一次折弯的精度和质量。,,制造业,驱动电机、折弯头、编码器、工业控制器、伺服驱动器,要求：高精度、高速度和高稳定性的运动控制，以确保每一次折弯的精度和质量。,某大型机械加工企业的自动化折弯机应用案例
138,自动化制药设备,制药,制药机,医药器械,,制药设备需要精确地控制原料的混合和分配。目的：提高制药的效率和质量。该场景涉及X、Y、Z轴的协调运动。,,,高精度、高速度和高卫生标准的运动控制。,,,驱动电机、混合器、编码器、工业控制器、伺服驱动器,要求：高精度、高速度和高卫生标准的运动控制。,某大型制药企业的自动化制药设备应用案例
139,自动化装袋机,包装设备,装袋机,制造业,,装袋机需要精确地控制袋子的移动和封口位置。目的：提高装袋的效率和质量。该场景涉及X轴和卷轴的协调运动。,,,高精度、高速度和高稳定性的运动控制，以确保每一个袋子的封口位置准确。,,,驱动电机、装袋头、编码器、工业控制器、伺服驱动器,要求：高精度、高速度和高稳定性的运动控制，以确保每一个袋子的封口位置准确。,某知名食品企业的自动化装袋机应用案例
140,自动气动锁钉设备,建筑设备,锁钉机,其他,,锁钉设备需要精确地控制锁钉头的位置和锁钉力。目的：提高锁钉的效率和准确性。该场景涉及X、Y、Z轴的协调运动。,,,高精度、高速度和高稳定性的运动控制，以确保每一个锁钉动作的准确性。,,,驱动电机、锁钉头、编码器、工业控制器、伺服驱动器,要求：高精度、高速度和高稳定性的运动控制，以确保每一个锁钉动作的准确性。,某汽车制造企业的自动化锁钉设备应用案例
141,自动售货机,零售业,售货机,消费类,,售货机需要精确地控制货物的移动和投放位置。目的：提高售货的效率和准确性。该场景涉及X轴和卷轴的协调运动。,,,高精度、高速度和高稳定性的运动控制，以确保每一个货物的投放位置准确。,,,驱动电机、投放头、编码器、工业控制器、伺服驱动器,要求：高精度、高速度和高稳定性的运动控制，以确保每一个货物的投放位置准确。,某国际知名零售企业的自动售货机应用案例
142,自动输液泵,医药器械,输液泵,医药器械,,输液泵需要精确地控制输液速度和输液量。目的：提高输液的安全性和准确性。该场景涉及X轴的运动。,,,高精度、高速度和高安全性的运动控制，以确保每次输液过程的准确性。,,医药器械,驱动电机、泵头、编码器、工业控制器、伺服驱动器,要求：高精度、高速度和高安全性的运动控制，以确保每次输液过程的准确性。,某国际知名医疗设备企业的自动输液泵应用案例
143,自动物流分拣系统,3C设备,分拣系统,物流,,物流分拣系统需要精确地控制分拣机械的动作。目的：提高物流分拣的效率和准确性。该场景涉及X、Y、Z轴的协调运动。,,,高精度、高速度和高稳定性的运动控制，以确保分拣过程的顺利。,,物流,驱动电机、抓取设备、编码器、工业控制器、伺服驱动器,要求：高精度、高速度和高稳定性的运动控制，以确保分拣过程的顺利。,某大型物流企业的自动化分拣系统应用案例
144,CNC加工中心刀塔的换刀,,CNC加工中心刀塔换刀系统,制造业,,CNC加工中心的刀塔换刀需要快速、精准的控制，目的确保换刀过程中不影响加工精度和效率。此场景涉及旋转轴和Z轴的协调运动。,,,高响应速度、高精度和高可靠性的运动控制，以确保换刀过程的平稳和准确。,,制造业,驱动电机、换刀设备、编码器、工业控制器、伺服驱动器,要求：高响应速度、高精度和高可靠性的运动控制，以确保换刀过程的平稳和准确。,德国某机械制造企业的CNC换刀系统应用案例
145,点到点运动，视觉拍照,,电子烟视觉检测设备,"半导体设备, 消费类",,"应用场景：车载生产组装设备的工序之一，Ethercat通讯，Increase feedback,262144ppr,旋转电机，搭载一个镜片，实现Point to Point 运动；要求：定位精度±5counts",直线定位平台，DD马达，视觉,,到位整定时间,,"半导体设备, 消费类",直线定位平台，DD马达，视觉,到位整定时间,
146,音圈以设定力按压屏幕,,多模态检测设备,"半导体设备, 3C设备",,"单向水平施力
双向水平施力
垂直向上施力
按压检测",结构，控制，驱动,,,https://motiong.feishu.cn/docx/U0UjdM99soyomIxTF0jcHoDwnmb?from=from_copylink,"半导体设备, 3C设备",结构，控制，驱动,,https://motiong.feishu.cn/docx/U0UjdM99soyomIxTF0jcHoDwnmb?from=from_copylink
147,用音圈电机音量按键,,VIVO音量按键检测设备,3C设备,,软着陆,音圈，驱动，力传感器，控制器,,力控精度,,3C设备,音圈，驱动，力传感器，控制器,力控精度,
148,自动化装配线上的精密定位与搬运,,自动装配机械臂,制造业,,目的是在汽车零件装配线上，实现对不同零件的精确抓取、搬运和放置。该过程需要机械臂具备高精度的位置控制能力，以及快速响应速度，以适应高速生产线的需求。,工控机；x轴：1台直线电机+直线编码器+低压伺服驱动器；y轴：1台直线电机+直线编码器+低压伺服驱动器；z轴：1台旋转伺服电机+丝杆传动+旋转编码器+低压伺服驱动器；末端执行器：多自由度机械手+力矩传感器,,1.需考虑机械臂在高速运动过程中的稳定性和准确性，避免零件损伤。2.控制系统需与生产线上的其他设备协同工作，实现无缝集成。3.末端执行器需要能够根据不同零件的形状和重量，调整抓取力度，防止损坏零件。4.整个系统应具备易于操作的人机界面，方便工人进行设置和调整。,,制造业,工控机；x轴：1台直线电机+直线编码器+低压伺服驱动器；y轴：1台直线电机+直线编码器+低压伺服驱动器；z轴：1台旋转伺服电机+丝杆传动+旋转编码器+低压伺服驱动器；末端执行器：多自由度机械手+力矩传感器,1.需考虑机械臂在高速运动过程中的稳定性和准确性，避免零件损伤。2.控制系统需与生产线上的其他设备协同工作，实现无缝集成。3.末端执行器需要能够根据不同零件的形状和重量，调整抓取力度，防止损坏零件。4.整个系统应具备易于操作的人机界面，方便工人进行设置和调整。,
149,电批,,电动螺丝刀,电动工具,,位置、力矩控制,1旋转伺服电机（含编码器或霍尔）+1减速机+1dc伺服驱动器（485或can）+1自研主站,,"1. 高速旋转时力矩控制
2. 力矩切换要快
3. 力矩峰值要控制的好，不能有太大力矩尖峰",艾尔特,电动工具,1旋转伺服电机（含编码器或霍尔）+1减速机+1dc伺服驱动器（485或can）+1自研主站,"1. 高速旋转时力矩控制
2. 力矩切换要快
3. 力矩峰值要控制的好，不能有太大力矩尖峰",艾尔特
150,全栈仪,,三维全栈仪,测绘行业,,地形测绘,"两轴，一个底盘轴：电机+减速机+驱动器+编码器（包含读数头、解码器和栅尺，是模拟量正余弦信号，要转成ABZ）
另一个轴控制俯仰，也是同样的配置，
一个解码器带两路编码器",,"1. 控制精度要高
2. 速度不快，速动波动要小
3. 抗扰动性要强
4. 有零速阻尼的功能要求",,测绘行业,"两轴，一个底盘轴：电机+减速机+驱动器+编码器（包含读数头、解码器和栅尺，是模拟量正余弦信号，要转成ABZ）
另一个轴控制俯仰，也是同样的配置，
一个解码器带两路编码器","1. 控制精度要高
2. 速度不快，速动波动要小
3. 抗扰动性要强
4. 有零速阻尼的功能要求",
151,细胞检测相机的位置控制,,细胞检测设备,医药器械,,xyz平台，xy控制位置，z轴控制焦距。平台上有100多个细胞载片，要一个一个的移动过去拍照,"xy轴：棒状电机+
z轴：音圈电机",,"1. xy轴编码器分辨率要求高 0.5um
2. xy轴高频点动，点动过程不能有抖动
3. 定位要准，整定速度要快，不能有S型曲线，要做T型曲线
4. 棒状电机相当于单边龙门，机械刚度较低，要做较多的振动抑制",,医药器械,"xy轴：棒状电机+
z轴：音圈电机","1. xy轴编码器分辨率要求高 0.5um
2. xy轴高频点动，点动过程不能有抖动
3. 定位要准，整定速度要快，不能有S型曲线，要做T型曲线
4. 棒状电机相当于单边龙门，机械刚度较低，要做较多的振动抑制",
152,扫描装置：需要非常精确和平滑的控制来定位设备的各个部分，确保影像的准确性和一致性。,,CT扫描仪的定位系统,医药器械,,医疗影像设备的精确定位控制,"控制系统：高性能工控机；
患者支撑台移动x轴：1台直线电机 + 直线编码器 + 直流伺服驱动器；
患者支撑台移动y轴：1台直线电机 + 直线编码器 + 直流伺服驱动器；
扫描装置垂直移动z轴：1台直线电机 + 直线编码器 + 直流伺服驱动器；
扫描装置旋转控制：旋转伺服电机 + 旋转编码器 + 直流伺服驱动器；",,"1、高精度和重复性：确保设备各轴的精准控制，以达到高水平的影像一致性和诊断准确性。
2、速度与平滑性：直流伺服驱动器需提供快速和极其平滑的运动控制，以减少影像噪点和提升扫描清晰度。
3、可靠性和耐用性：考虑到医疗设备的高使用频率和对稳定性的严格要求，系统必须设计得既可靠又耐用。
4、易于操作和维护：用户界面需简洁直观，便于医护人员操作和设定，同时系统应设计方便维护和升级。
5、安全性考虑：系统设计必须符合严格的医疗设备安全标准，包括患者安全和操作安全。",医疗CT/X光扫描及病床运动控制-上海步科自动化股份有限公司_Kinco步科,医药器械,"控制系统：高性能工控机；
患者支撑台移动x轴：1台直线电机 + 直线编码器 + 直流伺服驱动器；
患者支撑台移动y轴：1台直线电机 + 直线编码器 + 直流伺服驱动器；
扫描装置垂直移动z轴：1台直线电机 + 直线编码器 + 直流伺服驱动器；
扫描装置旋转控制：旋转伺服电机 + 旋转编码器 + 直流伺服驱动器；","1、高精度和重复性：确保设备各轴的精准控制，以达到高水平的影像一致性和诊断准确性。
2、速度与平滑性：直流伺服驱动器需提供快速和极其平滑的运动控制，以减少影像噪点和提升扫描清晰度。
3、可靠性和耐用性：考虑到医疗设备的高使用频率和对稳定性的严格要求，系统必须设计得既可靠又耐用。
4、易于操作和维护：用户界面需简洁直观，便于医护人员操作和设定，同时系统应设计方便维护和升级。
5、安全性考虑：系统设计必须符合严格的医疗设备安全标准，包括患者安全和操作安全。",医疗CT/X光扫描及病床运动控制-上海步科自动化股份有限公司_Kinco步科
153,半导体制造中的晶圆搬运和定位系统,,晶圆自动化搬运机器人,半导体设备,,在半导体制造过程中，晶圆的精确搬运和定位,"控制系统：高性能工控机；
多轴机械臂：含电机 + 编码器 + 直流伺服驱动器；",,"1、高精度和重复性：确保所有运动轴的精准和重复性控制，以满足半导体制造的严格公差要求；
2、平滑无振动的运动：直流伺服驱动器必须提供极其平滑的运动控制，以防止晶圆在搬运过程中产生任何振动或偏移，避免损伤；
3、快速响应和高效率：系统应具备快速响应能力，以适应半导体生产线的高吞吐量需求；
4、易于集成和控制：系统应能轻松集成到现有的半导体制造线中，同时提供简洁明了的操作界面，便于操作和维护。",新松半导体设备,半导体设备,"控制系统：高性能工控机；
多轴机械臂：含电机 + 编码器 + 直流伺服驱动器；","1、高精度和重复性：确保所有运动轴的精准和重复性控制，以满足半导体制造的严格公差要求；
2、平滑无振动的运动：直流伺服驱动器必须提供极其平滑的运动控制，以防止晶圆在搬运过程中产生任何振动或偏移，避免损伤；
3、快速响应和高效率：系统应具备快速响应能力，以适应半导体生产线的高吞吐量需求；
4、易于集成和控制：系统应能轻松集成到现有的半导体制造线中，同时提供简洁明了的操作界面，便于操作和维护。",新松半导体设备
154,锂电制造生产线,,升降台FTS系统,锂电设备,,使用磁悬浮技术，实现无线缆，无粉尘的磁悬浮线体，定位精度达到um级，支持异步控制,控制器+n*(驱动器+编码器+线圈)+导轨+m * （小车+磁栅+磁铁）+  2*（直线模组+中压驱动器）+ RFID系统,,1. 机电一体化 2. 高节拍 3. 无粉尘 4. 软件实现柔性生产,艾美珈-金源精密,锂电设备,控制器+n*(驱动器+编码器+线圈)+导轨+m * （小车+磁栅+磁铁）+  2*（直线模组+中压驱动器）+ RFID系统,1. 机电一体化 2. 高节拍 3. 无粉尘 4. 软件实现柔性生产,艾美珈-金源精密
155,锂电制造生产线,,环形FTS系统,锂电设备,,使用磁悬浮技术，实现无线缆，无粉尘的磁悬浮线体，定位精度达到um级，支持异步控制,控制器+n*(驱动器+编码器+线圈)+导轨+m * （小车+磁栅+磁铁) +RFID系统,,1. 机电一体化 2. 高节拍 3. 无粉尘 4. 软件实现柔性生产,艾美珈-CATL,锂电设备,控制器+n*(驱动器+编码器+线圈)+导轨+m * （小车+磁栅+磁铁) +RFID系统,1. 机电一体化 2. 高节拍 3. 无粉尘 4. 软件实现柔性生产,艾美珈-CATL
156,锂电物流生产线,,环形FTS系统,锂电设备,,使用磁悬浮技术，实现无线缆，无粉尘的磁悬浮线体，定位精度达到um级，支持异步控制，多岔路分支，超长线体,控制器 * x+n*(驱动器+编码器+线圈)+导轨+m * （小车+磁栅+磁铁) + j *（直线模组+中压驱动器）+ k *（旋转模组+中压驱动器）,,1. 机电一体化 2. 高节拍 3. 无粉尘 4. 软件实现柔性生产 5. 分段控制,果栗-金源精密,锂电设备,控制器 * x+n*(驱动器+编码器+线圈)+导轨+m * （小车+磁栅+磁铁) + j *（直线模组+中压驱动器）+ k *（旋转模组+中压驱动器）,1. 机电一体化 2. 高节拍 3. 无粉尘 4. 软件实现柔性生产 5. 分段控制,果栗-金源精密
157,芯片贴装,,固晶机/贴片机,半导体设备,,垂直向下快速运动，取物料，上层装置带动挪了位置后，再垂直向下做压力控制运动，放物料,音圈电机，EtherCAT通讯类型驱动器，ECAT控制器，有时还需结合气管，气动吸取与放物料,,压力控制会跟随加工产品不同，而需设定不同的目标压力以防止压坏物料。,,,,,
158,手臂旋转部位,,晶圆搬运,半导体设备,,控制两个手臂旋转至晶圆片两侧，同时夹取晶圆，将物料搬运至另一端并放下，类似夹爪的动作,旋转轴为力矩电机，Z轴为旋转+丝杆，驱动器，ECAT或CANopen控制器,,设备集成，驱动器需安装在旋转部位内，对体积与安装有要求。,中科芯微，富创精密，新松客户均是该应用,,,,
159,XY方向（有些是XYR）精密定位,,精密运动台（较小的方形物料台）,"3C设备, 半导体设备",,通过3个轴的精确定位，调整运动台上搭载的物料对齐某个位置,X与Y两个方向的直线电机，R轴则加上旋转电机，驱动器，ECAT控制器,,常需要较高的定位精度与较快的运行速度，对重复定位精度和到位整定时间会有高要求。搭载负载较重（10kg以内）时，会有振动影响，需要振动抑制功能。,,,,,
160,其一旋转轴负责转动加工台来将物料运送到加工位，其二旋转轴负责上下物料、维持物料张力。均是旋转运动。,,丝网印刷机,印刷,,印刷机旋转台上有4个工位，每个工位的传送带由2个电机带动，分为主动轴和从动轴。旋转台转至上料工位，主从轴均需往方向1运动，带动物料运输上工位。旋转台再转至加工工位进行加工。最后旋转至下料工位，电机需往方向2运动，主从轴也需要交换，才能将物料送下工位。,旋转电机，传送带，驱动器。ECAT控制器（倍福 C6030 PLC ）,,双轴张力控制精度有要求，要求驱动器双轴的性能同步达标。高运行节拍（1s），客户关心最终纸张收卷定位精度不是很高（5um）,迈为,,,,
161,送料并精准切料,,飞达设备（供料器）,"半导体设备, 3C设备",,根据需求规格，保持一定间隔，按规定时间把物料逐个送出，整型并切断，完成送料和切料的动作。,旋转电机，驱动器，脉冲型PLC,,高频运行，并精准定位进行切割（定位精度需达到±0.05mm），需适应多个长度的物料。客户通过测试设备运行CPK与切料精度验收设备。,,,,,
162,摄像头的俯仰和旋转动作,,重型云台,其他,军工,水平和垂直运动，实现云台的俯仰和旋转,旋转电机+同步带+涡轮蜗杆，驱动器，脉冲型控制卡,,运行精度要求不高，负载很重，要求较高速运行时速度波动不能很大，重复定位精度满足要求即可,,,,,
163,转台定位使天线对准信号发射器,,车载雷达转台,其他,军工,转台控制天线位置，以不同的角度对准信号发射器，接收信号,旋转电机，驱动器，CANopen控制器,,使用旋变编码器，要求高低温环境下工作，要求抗振动，满足车载振动标准。,,,,,
164,振镜旋转控制。激光入射到连续旋转的多棱镜的表面上，经反射在地面上形成一条条连续的、平行的扫描线。,,激光振镜,激光设备,,旋转电机控制振镜旋转,直流无刷电机，棱镜，驱动器，脉冲控制卡,,PWM调解振镜旋转速度。客户要求速度波动万分之一误差精度。,大族思特,,,,
165,机器人关节控制,,外骨骼机器人,医药器械,,控制关节旋转运行，需跟随信号调节输出力矩，带动关节运动,旋转力矩电机，驱动器，CANopen控制卡,,要求力矩输出的实时性和跟随形较高，需要减少电机齿槽力波动，实现关节运动平滑无阻力,,,,,
166, 旋转实现转塔上每一个物料都能得到加工，下压实现物料在测试站进行测试,,转塔式测试分选机,3C设备,,伺服凸轮控制方案，独立升降，中心电机选用DDR，升降工位电机搭配伺服凸轮完成多轴升降联动。全直驱方案，独立升降，中心电机及升降工位均采用直驱电机控制，更高效率地完成加工控制。,音圈电机，旋转电机，驱动器，ECAT控制器,,高运行节拍，同时要求高精度的压力控制，移动、测试时间为ms级（移动9ms，测试30ms），并需满足5um内的重复定位精度,,,,,
167,检测工位摆臂电机带动检测相机进行跟随运动，转塔高速旋转带动药瓶试剂离心运动,,灯检机,医药器械,,转塔高速旋转，检测电机跟随来回运行，需保证一定时间内，检测电机检测范围内，相机与药瓶相对静止，相机拍照检测药瓶内是否存在杂质，检测完成后检测电机再高速往回运行至下一检测范围,旋转电机，摆臂电机，驱动器，控制器,,检测时检测电机的运行速度要与转塔运行速度保持一致，均平稳高速运行,,,,,
168,油墨推压动作,,打印机,"印刷, 制造业",,通过伺服电机替代原用的气动设备推压油墨，减少人工操作,24V旋转电机，驱动器，控制器,,要求安全电压,,,,,
169,检测工位,,焊片机,3C设备,,检测焊点良率，音圈电机微动带动相机进行检测,音圈电机，驱动器，控制器,,有力控要求，和按键检测类似，检测工位目前较多都是这类解决方案，要求相似,,,,,
170,控制调制器运行，经过多级光纤放大器，环形器，带动望远镜运行扫描空气中的微粒,,激光风能扫描仪（激光测风仪）,激光设备,,电机具体动作不清楚，带动激光器（望远镜）精细扫描前方测量范围，通过获取的信号测算风力,调制器，驱动器，控制器,,对末端稳定性有高要求，即驱动控制的调制器需稳定运行，经过多级传动到末端要求平稳，还需考虑机场、海上等应用环境的振动。,牧镭,,,,
171,行李翻转,,机场行李输送线,物流,,行李输送线分为内部线（从飞机运送下来，进入内部分拣库）、外部线（从分拣库出来到到旅客面前），两段。本方案用于内部线。每个行李托盘安装一台伺服电机+伺服驱动器，在输送线运转到特定位置时，行李托盘需要实现翻转动作，把行李从托盘中卸下来,直流伺服电机（现用韩国品牌，正在测试我司国产品牌）、伺服驱动器（原用Coply，现用我司产品替代）、行李翻转机构、行李托盘,,需要实现50轴以上联动，稳定运行,项目名称：CN-E-23-C-CDJC,,,,
172,检测工位,,细胞检测仪,医药器械,,步进运动带动相机进行检测,XY直线电机+音圈电机，驱动器，脉冲控制器,,要求力控精度，且分3N、30N、50N不同的压力等级,,,,,
173,物品输送和顶升两个功能,,物流输送顶升系统,物流,,用于电商大仓内的物流输送，物品输送到顶升工位，由顶升系统顶起，并传送到分拣工位,"1、滚动电机+伺服驱动器+传送带
2、旋转伺服电机+伺服驱动器+顶升机构",,采用Can通讯，50轴以上联动，对成本要求高，驱动器成本在200-300元,,,,,
174,在一定力度下反复多次按压被检对象,,手机屏幕/笔记本电脑触摸板的按压检测设备,3C设备,,通过反复多次按压，检测手机屏幕或笔记本电脑触摸板的性能,直线电机+直流伺服驱动器+力传感器，实现闭环力控,,"1，闭环力控，力控精度在0.4-1克之间
2，多次按压，力控误差要控制在一定范围，确保良品率",,,,,
